{
    "Petnest": {
        "shares": 29,
        "price_bought": 9.913793103448276
    },
    "Greentech": {
        "shares": 10,
        "price_bought": 10.16
    },
    "Ecoware": {
        "price_bought": 10.733333333333334,
        "shares": 12
    }
}